subject,delta_HR,delta_IBI,delta_RMSSD,perfil
S14,37.60954460385112,-261.00146239161563,2.724199213622711,hiperreativo
S16,41.8379678796022,-325.0590877100751,-31.394079106203634,dissociativo
S17,31.71970458945701,-264.01930186335426,16.575148697143888,neutro
